distance,traffic_level,delivery_time,weather_condition,delivery_day,distance_deviation,order_deviation,risk_level
19.352465823520763,4,61.976991898012905,1,3,5.670105289165782,7.905205102716735,Medium
47.58500101408589,3,49.43012463255628,2,4,22.562429901399344,1.411075940213511,High
36.86770314875885,5,56.76430972827236,2,6,11.845132036072304,5.455821217920665,High
30.334265725654795,1,31.10093985201688,1,2,5.31169461296825,1.0559154597664,Low
8.64491338167939,5,107.27995535481709,0,4,16.377657731007154,0.45294643613077445,Medium
8.64373149647393,1,56.821260523922156,2,2,16.378839616212616,6.563858593847672,Medium
3.8460969962417737,2,106.48283565245148,2,4,21.176474116444773,5.351523336803503,Medium
43.44263114297183,1,17.15475018922152,1,3,18.42006003028528,0.8202368521147085,Medium
30.45463557541723,4,118.65165616501511,1,1,5.432064462730686,0.34939246405988444,Medium
35.69555631200623,3,55.9764050560161,0,3,10.672985199319687,9.897564134093347,Medium
2.00864022049432,2,10.50054434532213,2,5,23.013930892192224,0.3002133214907188,Medium
48.52558275593772,1,9.372512547307316,0,0,23.503011643251174,4.445282530501596,Low
41.78968939922066,5,90.81383461041143,0,1,16.767118286534117,5.046190246076955,Medium
11.404616423235531,2,80.7890864334233,1,3,13.617954689451015,1.1728014780044504,Medium
9.90942339314793,2,97.24501418467256,2,5,15.113147719538615,1.6906177843971626,Medium
9.986820982818257,1,17.117266404572685,2,0,15.035750129868289,3.518050064103525,Medium
15.907869905017348,2,9.09064970908806,2,5,9.114701207669198,7.616758762136627,Medium
26.713065149979656,5,63.486618286471526,1,2,1.69049403729311,5.070824240602667,Medium
22.165305913463673,2,49.5734516205185,1,2,2.857265199222873,6.379018745529615,Medium
15.270227869704053,5,58.12389771715991,1,4,9.752343242982493,9.851745550906747,High
30.980791841396595,1,119.0326670200815,1,1,5.9582207287100495,7.680054353132096,Low
7.83519917195005,3,116.63624513212707,1,2,17.187371940736497,4.343614981412177,Medium
15.31508777822569,2,113.36626981241717,2,6,9.707483334460855,4.464419217965487,Medium
18.951730321390894,3,95.14190782828248,0,5,6.070840791295652,6.18772077041005,Low
23.34742922663476,5,45.806756429542396,2,1,1.6751418860517866,6.653652084189043,High
39.473622108257665,2,52.39505698021873,0,6,14.45105099557112,5.007109258366713,Low
10.784015325759627,4,68.2058450276763,1,2,14.238555786926918,6.448612228149799,Medium
26.19748748226697,3,100.5114624865566,0,4,1.1749163695804228,0.2353249441409877,Low
30.02831387424008,2,12.901975739600793,2,3,5.005742761553535,4.296228638968441,Medium
3.2760702232798886,3,53.79414187676213,2,4,21.746500889406658,2.7893807607347676,Medium
30.76969774317048,2,14.5010312978159,0,6,5.747126630483933,1.291744452431104,Low
9.355682060677285,1,64.18562245595383,1,0,15.66688905200926,0.9954651280877513,Low
4.187528056278696,3,108.37359476071707,1,2,20.835043056407848,6.031921656146675,Medium
47.49539132541333,4,94.98576632485286,2,6,22.472820212726784,5.236005471526117,High
48.315969620653405,4,31.201878017457645,0,0,23.29339850796686,2.5358411699636916,Medium
40.6114700577066,5,117.23894770386113,1,0,15.588898945020052,4.709500587725145,High
15.926074689495163,2,81.74529577533926,1,5,9.096496423191383,4.922323151824083,Medium
5.78593358631281,3,6.199185430701353,2,1,19.236637526373734,1.950089804386158,Medium
34.527418299095686,5,34.37255073880024,1,5,9.50484718640914,6.520930618816506,High
22.567472193240462,3,34.9820294907904,0,2,2.4550989194460833,7.809193563860904,Low
6.979873507394163,2,12.964245222873892,2,0,18.042697605292382,7.91463540889519,Medium
25.263668595452238,4,115.38004957873183,2,6,0.2410974827656922,6.024698307034551,High
2.6850375346457014,1,59.999358876231234,0,3,22.337533578040844,5.11638582519014,Low
45.556699701860325,4,108.01867869776642,2,0,20.53412858917378,0.6100714300539489,High
13.68021909840083,5,42.05478289613226,1,6,11.342352014285716,2.8783129885160585,Medium
33.463591933345114,1,19.40186059977512,1,3,8.441020820658569,0.932714467781699,Low
16.273842728381137,5,59.548652639214595,0,5,8.748728384305409,9.638231608784736,Medium
26.48333303771273,2,18.105012992146474,1,5,1.4607619250261834,1.350801462257607,Low
27.788803687820703,1,60.89178284241709,0,1,2.7662325751341577,1.5177540985110205,Low
10.057868320750824,5,110.8341758402319,0,6,14.964702791935721,8.895766183304922,Medium
48.50964676046337,2,64.88833631093446,1,0,23.487075647776823,9.439282834764578,Medium
38.98150834469461,4,75.8974685929346,0,4,13.958937232008065,7.658290392349098,Medium
47.035448136645265,2,23.013420251987956,1,5,22.01287702395872,0.0540492367266987,Medium
44.84654017095479,3,10.02959697619649,2,5,19.823969058268244,0.013462709565636999,High
30.29709896174317,2,17.74291565067781,2,1,5.274527849056625,3.7810076978745077,Medium
46.171837516132726,2,73.83113120370206,0,3,21.14926640344618,1.4339537001089253,Medium
5.3361326005440555,3,15.926345384115036,1,1,19.68643851214249,0.18386142151597284,Medium
10.603160258538114,5,48.23918234325081,1,0,14.419410854148431,4.640666894045047,Medium
3.216137156616365,5,68.26057315268794,2,6,21.80643395607018,9.430618974069716,High
16.94118620739995,2,49.695071842432405,2,2,8.081384905286594,3.238195749024314,Medium
20.045187194784617,3,23.82363716850967,1,2,4.977383917901928,6.611406784286965,Medium
14.2961025569209,3,36.48600036412225,0,6,10.726468555765646,6.522353531324407,Low
41.608137948444536,4,111.75651627758636,2,3,16.58556683575799,2.5108010366516775,High
18.480913007985876,5,82.73796169243087,0,5,6.541658104700669,6.504252488238643,Medium
14.765790974681657,1,62.045501448186954,0,3,10.256780138004888,2.1233397428689127,Low
27.592108074754176,5,6.462212348492755,2,5,2.5695369620676303,1.2200741357688905,High
7.9052870237633694,5,119.12777105628908,0,5,17.117284088923178,7.013832855596901,Medium
40.307652056947944,4,82.21731751288398,0,2,15.285080944261399,1.1344081710391674,Medium
4.652981540308771,1,41.446084894668665,1,3,20.369589572377777,9.969092185893553,Low
49.35745989342535,4,106.1158958997514,0,1,24.334888780738805,1.8345240115022932,Medium
38.839993695536215,1,34.71963633355908,1,5,13.81742258284967,5.941418627564575,Medium
10.737068395174449,2,67.56190660601644,2,4,14.285502717512097,4.113745714125894,Medium
1.2705837390565176,1,78.14813782892989,2,4,23.75198737363003,1.263864224056671,Medium
40.95760999428688,4,30.422287717178772,1,1,15.935038881600331,0.27843907577413396,Medium
35.63600984853324,5,117.51568706206852,2,4,10.613438735846696,6.227322822928333,High
36.72135123400838,1,91.04206918758472,0,0,11.698780121321835,8.067575637891261,Low
38.79224698761134,1,69.14852093377304,0,5,13.769675874924797,8.420156615067441,Low
4.628187934970428,3,25.768378790159602,0,1,20.39438317771612,4.827134730769345,Medium
18.564820698669358,5,11.193693804773005,2,3,6.4577504140171875,7.774554671823855,High
6.677583916731356,2,41.8068807399131,0,5,18.34498719595519,6.728471334885447,Low
43.29206786790408,4,91.61654363004132,2,1,18.269496755217535,7.242545274991333,High
31.541608214550337,2,35.973099304732884,0,2,6.519037101863791,4.9259900522181415,Low
17.214003217779812,5,67.04896535698309,1,3,7.808567894906734,6.3341174024212705,Medium
4.114359164015158,1,88.71392532403546,2,2,20.908211948671386,8.05525913576057,Medium
16.23813376406745,1,17.4135271843434,2,5,8.784437348619097,3.9788417555702305,Medium
16.933982779310604,5,83.80927185332544,0,3,8.088588333375942,8.059789008675837,Medium
36.75070273856514,1,15.565152086655141,2,4,11.728131625878593,5.920168427890628,Medium
32.240316096405444,1,115.9899203446046,2,1,7.217744983718898,1.6590102437078624,Medium
44.47342438624,1,61.16532495746805,1,5,19.450853273553452,0.24684157224584613,Medium
24.138531332935514,4,22.3277523866359,1,0,0.8840397797510313,3.6275360039915205,Medium
6.860118050976784,4,44.37411814385785,0,3,18.162453061709762,5.466963282963398,Medium
35.948994573926754,3,52.542891668955065,1,3,10.926423461240208,8.398203522034883,Medium
38.27846738222797,2,92.19127627380179,0,6,13.255896269541427,1.274856801402462,Low
28.502582680905316,5,90.49373539881007,0,5,3.480011568218771,8.002063476835792,Medium
38.77739181777349,5,75.37315811379307,0,5,13.754820705086946,8.63009046067227,Medium
25.195984221855145,5,17.18203194422669,2,2,0.17341310916859953,1.5068748700083379,High
26.61390863971771,3,22.430477732582464,1,6,1.5913375270311647,8.51594319304219,Medium
21.94950989956893,4,15.782045874239012,0,4,3.073061213117615,9.91453567842792,Medium
2.245537210460664,3,71.37487007806826,1,2,22.77703390222588,7.268388310482376,Medium
6.286679922671918,5,105.87092077381146,0,6,18.735891190014627,7.847696818249879,Medium
2.540030098649978,2,54.88705890929876,1,2,22.482541014036567,9.944152675588734,Medium
32.18411015192524,1,23.497540005140813,1,4,7.1615390392386935,6.054812505259454,Low
16.403443072740007,4,69.1748673921312,0,6,8.619128039946538,3.078863820162494,Medium
25.919963867070436,4,98.35150493955663,2,6,0.8973927543838904,8.375308340760556,High
45.47075722237856,3,90.29688707398695,1,0,20.448186109692013,6.1448577751163125,Medium
13.215319228294872,4,106.36683966262746,2,2,11.807251884391674,5.811954237209566,High
21.108763228745858,5,36.9587411836198,2,2,3.913807883940688,2.536355555140383,High
38.022005788609384,5,27.304694735794108,0,3,12.999434675922839,7.563342695828866,Medium
12.2111101090895,3,106.17889588332295,0,4,12.811461003597046,0.8166727586009626,Low
4.772015581610857,5,80.61943596947265,0,1,20.25055553107569,9.242870707946611,Medium
15.197821192774633,2,40.75682695086873,1,0,9.824749919911913,3.258234607704847,Medium
8.899843075446217,3,90.37002581583856,0,6,16.12272803724033,1.2777465278999045,Low
46.55518496478608,2,98.73861421524231,0,6,21.532613852099534,4.423665331024188,Medium
40.59789859865643,1,75.72249763923023,1,6,15.575327485969883,0.42469909256533156,Medium
32.03678406901075,2,84.10667263619024,1,0,7.014212956324204,6.846261942649663,Medium
43.701568919198166,1,48.15488901090663,0,6,18.67899780651162,9.027055104453561,Low
40.37993176805661,1,66.9500017444495,0,6,15.357360655370062,8.372630071385087,Low
10.141932885415756,2,65.27830463350867,0,4,14.88063822727079,1.2736947344788108,Low
44.73539092600891,3,102.52549598003877,0,5,19.712819813322366,1.2627113710773186,Medium
27.427769853866884,5,101.595857732451,2,5,2.405198741180339,8.13434482324264,High
40.564567603039066,5,100.75825397490996,2,3,15.54199649035252,9.242542746031159,High
44.90847369625117,1,6.268635640183566,0,3,19.885902583564626,4.606698298334892,Low
16.58217027362133,1,91.19773071392216,2,6,8.440400839065216,4.989711169137659,Medium
6.392544301856161,3,92.24778486276556,1,4,18.630026810830383,3.1826204138572587,Medium
12.168822964555142,4,83.01356462834131,2,6,12.853748148131404,8.94265118256414,High
21.92828164268656,2,91.97043565751704,2,3,3.0942894699999854,6.449029052923559,Medium
41.08272353020216,1,101.8265927221215,0,0,16.060152417515614,2.8825157716736847,Low
43.175798579560826,5,59.08669122170535,2,0,18.15322746687428,2.987828710542516,High
1.3406543960283446,3,62.735774551171424,2,1,23.6819167166582,8.912000730636024,Medium
26.026617826300722,2,19.342116544809905,2,5,1.0040467136141764,0.13634023905821469,Medium
21.45313915429017,3,49.31822655044661,2,4,3.5694319583963754,3.227265727266384,Medium
11.883282713065782,2,78.98699568985519,1,2,13.139288399620764,5.54356681216369,Medium
6.873402999350457,2,94.74597425693656,0,5,18.14916811333609,1.4821746209932463,Low
17.54314339877777,1,29.979046234489214,0,2,7.479427713908777,0.9209875419958979,Low
47.20257549171344,3,20.84963340331207,1,1,22.180004379026894,8.1527633109056,Medium
16.836943669017007,3,81.2498305175566,2,1,8.185627443669539,8.944043886485073,Medium
26.420740465424938,5,5.216186605364724,1,6,1.3981693527383925,8.236064207981894,High
35.44792898586371,5,25.512847195342932,2,3,10.425357873177166,8.987878897373477,High
18.817850516585406,1,8.34320873955468,1,1,6.20472059610114,5.531119710583715,Low
48.61732205332707,1,24.191788553310158,0,1,23.594750940640527,8.12258120990342,Low
48.15991745216345,4,25.851717191433103,0,2,23.137346339476903,3.840426383911004,Medium
13.337332495442844,5,49.58246339629533,0,3,11.685238617243701,6.662678614790385,Medium
25.365176788726888,2,51.267619338953935,2,1,0.34260567604034264,9.888355313891644,Medium
15.743037181021714,3,105.54018412017734,2,5,9.279533931664831,2.257277238391274,Medium
14.957184224495913,1,63.662616937364895,1,1,10.065386888190632,3.898997462910806,Low
2.8074604203721067,3,88.19154804541293,1,3,22.21511069231444,4.800473773100856,Medium
30.868652365014945,3,16.975796160833056,0,6,5.8460812523284,1.3801548702005173,Low
25.631272138214214,4,30.925456878324795,2,4,0.6087010255276688,0.8103861046505678,Medium
3.522458811249478,5,85.83849571254783,1,3,21.500112301437067,8.297228663216243,High
14.65367674759396,1,11.07245545388073,2,2,10.368894365092585,9.767943728275862,Medium
45.50502841236603,3,60.95873115803161,2,4,20.482457299679485,4.047250638296587,High
12.73853264268165,1,73.92743105123739,0,5,12.284038470004896,0.8764983619465327,Low
8.099848732469932,2,74.24674906603532,0,0,16.922722380216612,0.6581176069057648,Low
24.98318525360059,4,7.6372732958248335,2,3,0.039385859085957264,8.913182063602987,High
49.29687225141944,2,42.042420486356335,2,6,24.27430113873289,4.6381424972767995,High
12.86070830406352,1,78.19642487065272,2,2,12.161862808623026,3.200273165623919,Medium
33.93464182288805,1,22.134969657162998,2,5,8.912070710201501,4.764612712393995,Medium
38.31936115110716,5,84.97279955772612,0,4,13.296790038420614,3.183040946923473,Medium
12.644239655627583,3,90.78139901357257,1,5,12.378331457058962,4.8903577530762,Medium
36.68260108198112,3,117.92645690130671,0,3,11.660029969294573,8.595563969179368,Medium
19.021373503243407,2,29.131829408487082,1,1,6.001197609443139,5.923013710620957,Medium
31.982985699085393,4,99.89002678160325,2,6,6.960414586398848,6.946537728101754,High
32.04295582728384,3,64.83410634564521,1,3,7.020384714597295,3.6467067623433658,Medium
27.252959519663165,5,47.948198556579946,0,0,2.230388406976619,7.385058785105187,Medium
5.424198732666007,2,19.073327092395463,0,3,19.59837238002054,6.6661708487937235,Low
41.92982228387266,2,89.58314474606682,2,4,16.907251171186115,1.1956199775205645,Medium
16.718223183615056,5,32.12362390152401,0,4,8.30434792907149,5.726428531155846,Medium
10.139407009592857,4,47.71353021540026,2,3,14.883164103093689,2.56743496309758,High
2.997981936183432,5,12.19235609319737,0,4,22.024589176503113,8.040956696335929,Medium
29.95375421622385,4,97.15719531924469,0,1,4.931183103537304,4.259377084669395,Medium
34.20065373027184,5,93.15768025673898,2,5,9.178082617585293,9.946841651964872,High
1.8128036174649513,5,89.36582045486593,1,3,23.209767495221595,0.9250043793896379,Medium
26.092559856664767,1,39.436003706566964,0,6,1.0699887439782216,7.803478627401585,Low
12.09829298469896,2,24.950208540585084,1,1,12.924278127987586,6.737017335421564,Medium
32.61346673006304,5,78.31862541407642,0,5,7.590895617376493,7.674988305907054,Medium
9.54395502124458,5,62.05913417302024,0,6,15.478616091441966,3.0752979549045634,Medium
34.85594916702083,3,25.49903369403378,0,6,9.833378054334286,4.920544893824006,Medium
19.950031968726332,2,83.87979617073432,0,6,5.072539143960213,7.965085197237084,Low
46.89976944809999,3,118.97953965944993,1,5,21.877198335413443,2.32541331620855,Medium
7.73852626315367,2,90.93025259033433,1,1,17.284044849532876,2.260331967886521,Medium
17.712251201462667,3,90.09843446884535,0,6,7.310319911223878,5.510509532949324,Low
6.560202540788865,5,114.28596658701805,0,6,18.46236857189768,5.235635795298558,Medium
46.30998729564958,5,28.337682271113753,1,2,21.28741618296303,2.8226247041293284,High
43.98962831566807,1,70.03824596596564,2,3,18.967057202981525,2.9807565052482277,Medium
13.639139758042624,3,117.6593722288966,2,5,11.383431354643921,2.778451632065655,Medium
33.33921825567477,4,24.008822761570073,1,5,8.316647142988227,7.7151206199848765,Medium
41.04388780985958,1,85.52897533611991,0,4,16.02131669717303,6.5190086556246065,Low
28.204839768373652,3,72.36816678676873,0,5,3.182268655687107,8.324171834102527,Medium
26.952878339444318,3,72.4450956017013,2,1,1.9303072267577726,9.75473028314022,Medium
12.850762254122133,1,85.23212216480864,2,5,12.171808858564413,4.741642962719864,Medium
5.562035622489061,5,111.90594613070368,1,2,19.460535490197486,0.6669388140544885,Medium
44.96357213971301,3,94.99692308290386,2,3,19.941001027026463,0.48092310412035433,High
45.120484801003194,5,11.45565189286415,1,3,20.09791368831665,2.9566503927161913,High
32.02197140639013,1,103.06372228570679,2,5,6.999400293703584,9.32544589352451,Medium
17.612459761386333,5,30.93725294145925,2,6,7.410111351300213,5.232130549708749,High
18.111269156020384,2,48.34512894468278,2,0,6.911301956666161,2.7178651608012916,Medium
36.57182826464173,4,58.09927356542395,0,0,11.549257151955185,3.9916679451101955,Medium
44.95840273767628,3,60.304190086603015,0,6,19.935831624989735,5.985951074046708,Medium
44.46723478899075,4,55.04574591436603,0,6,19.444663676304206,6.529496581378423,Medium
39.21390174702357,5,112.79562883482441,2,6,14.191330634337024,1.5391950978290503,High
32.4595506615601,3,86.19218588136283,1,1,7.4369795488735555,9.77031676545176,Medium
5.122858284757393,5,77.58462428502123,1,0,19.899712827929154,5.447722269827889,High
8.919806990636076,2,10.731833195038279,1,6,16.10276412205047,1.356883177922793,Medium
45.029155237826885,1,108.95003297994309,1,1,20.00658412514034,8.936352533461337,Medium
30.715023923319908,3,109.57987208096556,0,4,5.6924528106333625,0.746384310794288,Low
1.4506555292148526,2,94.72450229446177,0,1,23.571915583471693,9.077354331775126,Low
5.972105600435573,2,5.808358438566203,2,0,19.050465512250973,9.965656562889825,Medium
33.511586686294734,3,11.587228873926687,2,5,8.489015573608189,7.004317991565038,Medium
1.2480176084647157,5,30.900725760876323,1,4,23.77455350422183,7.7044722107398975,High
8.879594519457434,2,20.10518193666427,0,0,16.14297659322911,3.3730283646748638,Low
27.88795567896272,4,50.86614341592889,1,1,2.865384566276173,9.415768527339338,Medium
34.90286468694197,2,111.10165168009581,2,2,9.880293574255422,5.297139661083676,Medium
32.94610171562742,5,59.2869499326548,2,3,7.923530602940875,7.323884465975548,High
11.98919616356743,5,6.541302039699045,1,0,13.033374949119116,9.241077159112795,High
35.896781846029256,4,37.51575430155763,2,6,10.87421073334271,9.751799759755084,High
12.625205287343203,2,10.128414462890577,1,1,12.397365825343343,8.332043565966744,Medium
16.944585209804117,5,9.173076600552747,0,6,8.077985902882428,3.0301750698203,Medium
37.578078850783186,3,36.70778310598851,1,6,12.55550773809664,9.665475165520824,Medium
32.83201205331352,1,36.695418948078725,0,6,7.809440940626974,6.281195312435718,Low
42.61194711421472,1,95.51955929918446,0,6,17.589376001528176,9.306424763519598,Low
33.223031722716826,1,117.10598506982787,2,6,8.20046061003028,6.761050258143518,Medium
28.847121563438108,2,47.688815797349804,2,4,3.8245504507515626,3.072389618477205,Medium
5.5900636235765315,4,54.32199106901944,2,0,19.432507489110016,3.7002452414281595,High
19.018074349912244,5,102.15078517289247,1,0,6.004496762774302,5.504717771029405,Medium
13.994916016404547,3,35.83598731098404,1,3,11.027655096281999,7.90014841559882,Medium
12.955492525575096,3,22.983907506396516,2,1,12.06707858711145,3.1798255134033493,Medium
48.677517182869835,2,103.1053066914198,1,2,23.65494607018329,5.79731166134192,Medium
20.26178850867126,1,10.34756744060753,2,4,4.7607826040152865,3.4562499357640153,Medium
44.71028120367855,2,76.2654356229328,1,1,19.687710090992002,8.157694046351072,Medium
31.92579267386588,4,69.62917745868278,0,4,6.903221561179336,4.667280937679505,Medium
39.945753873540774,4,44.78085146269484,0,0,14.923182760854228,0.7672282685288523,Medium
25.629217562154412,5,41.24679492619628,2,6,0.6066464494678669,1.6605252148153637,High
29.268290346691597,5,93.76363851088645,1,3,4.245719234005051,0.6110466761963229,Medium
25.13336699712433,4,14.938830237692846,1,3,0.11079588443778476,4.993029460143252,Medium
10.56690640210418,4,32.230195570809315,0,5,14.455664710582365,1.0633729734822717,Medium
36.40015364781376,4,89.23160416138033,0,2,11.377582535127214,1.141399693096321,Medium
14.757845759601935,2,68.05686712853878,2,3,10.26472535308461,9.410482600383771,Medium
2.191482355141238,4,19.718643981362433,0,6,22.83108875754531,8.726550721760555,Medium
32.62814249945122,3,106.44559564243691,2,0,7.605571386764677,4.52086596811366,Medium
9.678423290945398,1,50.24650235481303,0,2,15.344147821741148,9.858053208502058,Low
47.0824706332928,4,100.20486316204988,0,1,22.059899520606255,0.001865281706631139,Medium
47.74250027312678,1,95.5869967856865,1,6,22.719929160440234,6.139794562733938,Medium
45.82835512080198,2,76.80892634424872,0,6,20.805784008115435,6.164281773718701,Medium
19.137776312516774,1,61.865330098935694,0,3,5.884794800169772,4.574430558698882,Low
1.757374209914504,2,117.64834664390204,2,2,23.26519690277204,3.9694797293429285,Medium
46.48760956679855,3,21.67098332367896,0,0,21.465038454112,4.553831354806076,Medium
21.9810232675484,2,88.3929086683782,2,5,3.041547845138144,4.149604360796805,Medium
48.36608613313981,2,26.986930668450736,0,4,23.343515020453264,7.304924774822994,Medium
48.21737887737339,5,43.900257113220064,0,4,23.194807764686846,1.3535543497328406,Medium
42.79746331790064,4,40.50035548791745,2,0,17.774892205214098,1.9763922059113015,High
15.427995711409698,4,113.90913858995314,1,0,9.594575401276847,1.805182283924236,Medium
19.869788701494336,3,116.24596044565165,2,4,5.152782411192209,2.6247058512126453,Medium
42.70569690432599,3,26.046776086993624,2,5,17.683125791639444,5.252584187815833,High
16.529178252657605,4,7.534043434212982,2,2,8.49339286002894,1.1120874733821873,High
9.305144587618532,5,87.80092456125801,1,4,15.717426525068014,8.681692953265042,High
28.283261860459156,4,53.0688423951057,0,0,3.2606907477726104,2.973615313084723,Medium
46.87158393387827,5,15.216628185069904,2,3,21.849012821191724,1.6253798746870785,High
35.10546003707368,3,83.63172214135989,2,1,10.082888924387131,6.756213095982433,High
28.932997334378882,1,67.68713574998046,1,5,3.9104262216923367,0.3808630059931928,Low
5.761648194767658,3,117.7594345301272,2,6,19.260922917918887,6.199685648741642,Medium
31.135354108259317,3,31.152092024058575,0,5,6.112782995572772,6.981984306764998,Medium
49.5126386551089,2,51.45745577755305,1,3,24.490067542422356,2.149165313867192,Medium
7.864116746589677,2,67.39276739047364,0,3,17.15845436609687,0.41964073443634287,Low
26.3981529658231,2,96.04549867213544,0,6,1.3755818531365556,3.6364535891944962,Low
43.991280524469815,2,68.11644552280674,1,0,18.96870941178327,0.9859423024193648,Medium
37.29766226995602,5,75.48351849912416,2,4,12.275091157269475,1.1647784967333707,High
35.15377130876813,4,31.006910932843187,0,2,10.131200196081583,2.542612314448646,Medium
35.42172011536835,1,102.39565373018438,0,5,10.399149002681806,2.954679246267593,Low
18.615066409768005,3,54.29251290160471,0,6,6.407504702918541,5.299703410214206,Low
15.386000368960175,5,21.210357165003465,0,5,9.63657074372637,6.783918855030131,Medium
40.658696618447166,1,81.381610168123,1,3,15.63612550576062,5.927709408701848,Medium
40.695556339279854,5,29.850402116310363,1,4,15.672985226593308,1.483603372895168,High
43.48654361042508,5,16.21968867751947,0,5,18.463972497738535,1.7208603245262644,Medium
45.748787075267096,3,104.12849446649132,2,2,20.72621596258055,8.787692497929145,High
26.05577754418595,4,57.91866041617056,0,3,1.033206431499405,5.5835231506411365,Medium
25.57429843967278,2,91.16762696001429,2,2,0.5517273269862351,8.69937832897689,Medium
40.11646376937198,4,38.417569377730835,0,4,15.093892656685437,3.7154651131987437,Medium
32.84823260811049,3,95.50156551553162,2,5,7.825661495423947,6.144000074313238,Medium
35.39637698562746,3,17.872631607475988,0,1,10.373805872940917,5.2366341605461075,Medium
39.99384080236895,3,45.93693798640806,2,5,14.971269689682405,3.191234898204626,High
44.61026174906075,1,117.47710906695578,0,4,19.5876906363742,4.6991537203359535,Low
17.561762685725256,4,96.3088173823207,0,5,7.4608084269612895,5.02490876826932,Medium
19.403564679357256,4,62.18443198618914,2,6,5.6190064333292895,2.007709747566786,High
5.605115052202581,5,44.07440922961678,1,5,19.417456060483964,3.150103723767316,Medium
29.335726908812525,5,105.2956055025848,2,0,4.313155796125979,7.914097505069756,High
2.761171416040362,5,67.6574922947193,1,5,22.261399696646183,9.157882394541272,High
23.81430288849055,3,92.21887705494778,0,5,1.2082682241959972,3.5979409354529945,Low
27.589587100671256,4,91.72238323635887,2,2,2.5670159879847105,3.0697228220901818,High
15.040521354285936,3,7.0637530353765605,2,1,9.98204975840061,1.9519716457188252,Medium
29.950829767881526,1,19.519185021150548,2,2,4.9282586551949805,6.784911686505812,Medium
2.494512247013422,5,80.85737713539535,1,2,22.528058865673124,3.230997016663373,Medium
2.830061248711506,3,23.586278297875214,1,3,22.19250986397504,9.877495390991886,Medium
41.307427472323255,3,34.38173463539454,0,0,16.28485635963671,3.2568480206395325,Medium
18.64934142915188,1,113.86336473295482,1,2,6.373229683534664,3.9413604678262812,Low
7.225965119942354,2,69.42095971311487,1,6,17.79660599274419,6.033341962120348,Medium
26.589919742685414,4,91.33389330492493,0,4,1.5673486299988681,8.01684293191305,Medium
38.72968410183193,2,69.16778496000359,2,6,13.707112989145383,4.695186653456337,Medium
11.575230347345316,5,68.5390657000134,2,4,13.44734076534123,4.226560337889583,High
31.521633315131012,3,15.82746966445526,0,5,6.499062202444467,9.956378335948083,Medium
5.182025784694632,1,44.52126715004685,2,3,19.84054532799191,0.10493641139944443,Medium
3.5324043372617773,1,37.47955334894885,1,0,21.49016677542477,8.950652888512458,Low
27.03637694683925,4,49.93376204556552,0,6,2.0138058341527056,1.4914082593973743,Medium
27.49112095889522,2,96.80958164579775,0,0,2.468549846208674,7.859252762089134,Low
32.23406517341212,4,47.77225681043946,0,6,7.211494060725574,6.1793155984629795,Medium
36.578475352410415,3,56.94513421164351,2,5,11.55590423972387,3.4184728549809207,Medium
48.8167518936642,4,50.698859905811396,0,4,23.79418078097765,8.738749555210184,Medium
26.29871706675857,1,15.741916777158995,0,1,1.2761459540720246,0.12907227980991975,Low
16.824867174121053,1,55.723298198840126,0,3,8.197703938565493,2.2669065207492367,Low
39.96412354366648,5,27.495066400119228,2,6,14.941552430979936,5.66892796249536,High
14.270780311841637,5,26.47317901389977,1,6,10.751790800844908,3.51542260049698,Medium
22.509599614576167,3,15.814152009940631,0,5,2.512971498110378,6.103774953183276,Low
4.844362685771031,2,46.01716202630295,1,3,20.178208426915514,0.24110193408666825,Medium
2.242186427357418,4,92.110416750783,2,4,22.78038468532913,1.1645893048171252,High
48.169772319218325,3,36.79079441709055,2,4,23.14720120653178,1.2709624021843924,High
41.963025905098085,5,40.92014671683406,2,6,16.94045479241154,1.8928364591600944,High
35.1027360985912,4,78.90758563232872,2,1,10.080164985904656,4.593314408005428,High
21.038694276299225,5,27.52169344749567,1,1,3.9838768363873207,7.521286995435712,Medium
9.491421683471444,4,108.15016199870645,0,0,15.531149429215102,9.055388379289012,Medium
8.665415090883215,2,64.82191017392876,2,3,16.35715602180333,8.353725302842461,Medium
13.261902010065171,3,56.474338136824954,2,3,11.760669102621375,1.9688787177568357,Medium
27.912106570599903,4,69.14932207185817,1,4,2.8895354579133574,4.4115055223063235,Medium
36.01520021230306,1,24.093946042862477,1,0,10.992629099616511,1.99411597758535,Low
33.34967145916883,1,75.54941094350528,2,5,8.327100346482286,2.6447181666719075,Medium
14.7167609503512,4,46.7565847129112,0,3,10.305810162335346,5.035469815118861,Medium
47.78839875249651,4,108.17642921093118,0,0,22.765827639809967,0.6810902472352254,Medium
37.15694891809266,4,24.418233767933906,2,0,12.134377805406114,2.181743295932732,High
28.163348573058634,1,63.310876944525724,1,6,3.140777460372089,9.353781613071172,Low
30.97431656548326,1,73.78295237743707,2,4,5.951745452796715,4.66116292658489,Medium
21.560403058961704,4,8.839114205433841,2,0,3.4621680537248416,4.453865259778722,High
13.138818485556715,5,46.824709346956126,1,1,11.88375262712983,0.145671547512789,Medium
18.44266125391182,5,89.25305199059578,2,1,6.579909858774727,2.4739974705834578,High
38.13445941275409,2,99.34341335663193,2,2,13.111888300067545,8.662924359821814,Medium
1.7052809428580376,3,41.01362940398747,2,4,23.317290169828507,1.6462842825866875,Medium
6.687559384838895,5,96.83822632401639,1,6,18.33501172784765,4.151249395347211,Medium
3.2541294590658847,1,116.29192586688971,0,5,21.768441653620663,0.14330905867001253,Low
2.9957113136295366,5,103.54050264863582,0,2,22.026859799057007,4.783354816705558,Medium
42.917568616539356,2,18.529058638322397,1,1,17.89499750385281,0.21021106726217154,Medium
35.47923510962116,2,90.06898818983717,0,6,10.456663996934612,8.196095530657999,Low
24.234517625278933,3,41.76168573066264,2,2,0.7880534874076126,8.248537674871036,Medium
5.7938738718990725,5,118.6678387823888,0,4,19.228697240787472,7.877421883023699,Medium
25.089177880724787,1,60.81628306338702,2,6,0.06660676803824117,2.8336406889111823,Medium
24.200116768247717,1,19.079898311278217,0,4,0.8224543444388281,8.37237218221818,Low
9.486891625590744,4,88.39633802314994,1,0,15.535679487095802,5.429981326052693,Medium
22.25873081266068,1,42.14628781441459,0,3,2.7638403000258656,3.7380810886700244,Low
20.526731985471297,3,119.66398806439109,0,0,4.495839127215248,6.25329959704233,Low
31.176654804558606,3,117.67498265327002,0,4,6.15408369187206,0.12341046060374006,Low
32.11958889251454,1,80.45541207236678,1,6,7.097017779827997,1.4296087760075216,Low
3.219896478830181,1,19.930041629447523,0,1,21.802674633856363,7.422935381702628,Low
19.35601811669709,4,83.98901473262835,1,5,5.666552995989456,2.4416160871615302,Medium
31.667135869997583,1,15.698505942903129,2,1,6.644564757311038,5.980091173287496,Medium
25.653676670424296,4,8.376878296775116,0,6,0.6311055577377509,3.8510260282302964,Medium
42.96800221822779,4,99.6402213154709,1,0,17.945431105541243,8.548057787992615,High
33.275987949328304,1,29.121588983623354,1,5,8.253416836641758,9.524153059966435,Medium
8.983786926990055,2,48.5881195151962,0,6,16.038784185696493,8.835647283701904,Low
4.457868622621062,2,116.94759984725991,2,4,20.564702490065486,2.7061999469359668,Medium
32.47854463210946,4,43.736657714026876,1,1,7.4559735194229155,1.9416286904608226,Medium
2.299054216539469,1,39.09632484758126,0,4,22.723516896147075,4.74434893620735,Low
29.7030034823997,2,110.59391995661915,2,5,4.680432369713156,0.07334150836180275,Medium
47.07128182982292,1,17.736071211680184,1,5,22.048710717136377,0.25809392863181735,Medium
29.19823471591807,1,92.35197716318265,1,1,4.1756636032315235,5.5329063962300005,Low
20.020326384119574,1,118.62754016506901,2,4,5.002244728566971,5.204494041652859,Medium
32.5211227036753,5,108.64904123908461,2,2,7.4985515909887575,9.945819890352599,High
23.454391634084313,1,79.94181065123898,0,4,1.5681794786022323,2.018418353637581,Low
27.735222676480813,5,41.116991424164176,0,5,2.7126515637942674,2.581039291604684,Medium
47.13177563004973,4,34.24702783550642,1,4,22.109204517363185,1.135406423262867,High
19.919029252237937,2,99.21433706021803,2,6,5.103541860448608,9.175430096537447,Medium
48.0983376273718,2,106.17952010444496,2,0,23.075766514685252,7.778112444584507,High
45.36218145584712,2,65.42501494275467,2,2,20.339610343160576,8.223391114568475,High
10.593765604675525,2,33.09909319044361,1,3,14.42880550801102,9.027637879645088,Medium
4.398703742883107,2,17.98846896728496,2,6,20.62386736980344,5.248999867258383,Medium
5.9381220674939055,2,15.025638800660584,2,0,19.084449045192642,4.511931914507237,Medium
1.8928694569259368,2,87.69390644569339,1,3,23.12970165576061,3.303914736656165,Medium
5.627705077040491,4,53.313653702488374,0,1,19.394866035646054,5.892146143478555,Medium
34.467331897401486,1,109.11638554195508,0,3,9.44476078471494,4.542783967898226,Low
4.48824377455122,3,90.06219958357782,1,6,20.534327338135327,4.515655866055751,Medium
16.629805884394305,5,26.99494806017747,2,4,8.392765228292241,9.369278637311389,High
42.398890237503274,3,75.58440316380539,1,6,17.376319124816728,9.840315142791301,Medium
2.1403248510554675,3,55.08312725578833,0,3,22.882246261631078,7.964843893295807,Medium
40.908955646857855,1,71.38371903839051,0,5,15.88638453417131,7.567580902469283,Low
14.810883963896597,1,89.87794918392947,1,0,10.211687148789949,6.805581617791015,Low
6.790076553461157,1,97.71252631543594,1,0,18.232494559225387,1.6607485233351371,Low
35.14012110284338,2,102.02979253677329,0,3,10.117549990156835,0.5910582087565452,Low
31.818199492214315,4,34.20711057578284,1,0,6.79562837952777,6.907263151132631,Medium
43.9961286628256,2,8.578293990496134,0,5,18.973557550139052,7.28786222256576,Medium
37.0184811463904,4,90.01889454394892,1,6,11.995910033703854,0.46972991098139794,Medium
40.37056558885758,4,17.229528519414078,1,0,15.347994476171035,9.28051750228848,High
14.819694055994018,3,41.21575269049128,1,3,10.202877056692527,0.9114063944467754,Medium
9.694537645206418,3,5.438970424299922,0,2,15.328033467480127,2.859005337712024,Low
37.78012283040206,4,83.39199047618631,1,2,12.757551717715511,6.723898127987045,Medium
40.53490222409594,4,24.220181319190445,0,1,15.512331111409392,1.6987259440447633,Medium
49.53475195803299,2,80.35747711454069,0,0,24.512180845346446,0.5541588844224443,Medium
21.2182661686599,2,119.05040097430147,1,6,3.804304944026647,3.311464891641498,Medium
19.228886203846375,3,13.357150235151872,1,3,5.79368490884017,7.659715748551791,Medium
39.04423507635784,1,13.863971374417979,0,0,14.021663963671298,4.136786789852604,Low
17.699373472397873,4,44.143710656667615,0,4,7.323197640288672,6.529729219079393,Medium
46.60710895457467,2,104.63444913890433,2,5,21.584537841888125,5.796190972281367,Medium
43.06222484030758,3,29.785934911003164,0,0,18.039653727621033,0.2221848202558041,Medium
22.0207073413759,2,46.44344929198997,2,0,3.0018637713106457,9.885399870457066,Medium
37.792682321783374,4,12.878121762102651,2,2,12.770111209096829,0.41428088819387754,High
37.97260083014943,4,92.76285849477227,2,5,12.950029717462886,9.67802737648485,High
6.053069572960698,5,51.955229417336874,1,3,18.969501539725847,5.498641783643982,High
45.22509242729877,1,92.31360430199693,1,0,20.202521314612223,9.631590270650666,Medium
25.757366249945,5,108.91490209988143,0,2,0.7347951372584554,1.1475359941383545,Medium
41.49641583927934,3,31.767761916648208,2,1,16.47384472659279,4.904085191855132,High
16.682430450499975,2,97.8505434890944,1,5,8.34014066218657,1.6950409186605864,Medium
44.880638196313825,3,11.795797358999128,1,2,19.85806708362728,0.5097487702244241,Medium
20.07088225797399,4,108.36744964072844,1,2,4.951688854712554,6.175291150623115,Medium
1.5310449225346197,5,79.83838296925595,1,6,23.491526190151927,2.0778342096169142,Medium
45.363716844543916,5,105.53607327591043,1,2,20.34114573185737,5.87697018287546,High
5.473047162520544,5,5.021665949006918,2,6,19.549523950166,1.1236448194898563,High
16.64636824193033,3,24.44432309093914,2,0,8.376202870756217,3.3198647143270277,Medium
47.55303638548944,4,49.82232955404659,2,0,22.530465272802896,7.816325580532472,High
47.57975019994025,2,48.64283388809264,2,1,22.557179087253704,4.370515218421876,Medium
29.09845651804102,2,31.073994036203725,0,4,4.075885405354473,6.277454148973364,Low
31.960023396320164,3,48.88537308472801,2,4,6.937452283633618,6.47457940745546,Medium
22.97383057693767,5,19.817601880029304,1,4,2.048740535748877,8.437550439872936,Medium
15.367327813205161,1,52.467529865592994,2,6,9.655243299481384,3.249227944066413,Medium
17.10456272312588,3,97.27074785331538,0,5,7.918008389560665,6.872955625825176,Low
33.953404347774885,3,60.09305725688539,1,5,8.93083323508834,9.616158070461656,Medium
37.86635194244632,4,7.070010228699724,2,1,12.843780829759776,7.302433343578681,High
39.78737314256658,2,53.466064781613454,2,5,14.764802029880034,4.8987047671774455,Medium
39.69128899693314,3,8.125126850447078,2,4,14.668717884246593,6.307174444919292,High
5.469099049385828,3,116.11799223128179,1,4,19.553472063300717,7.396828977631081,Medium
25.226594930426494,5,19.657205333629932,1,2,0.20402381773994804,6.122757656938724,Medium
3.82037924081557,5,86.38415752802115,0,5,21.202191871870976,0.16675813489839153,Medium
27.926915233863042,1,116.86927713258987,1,0,2.9043441211764964,1.9477349768722585,Low
22.634994567295475,4,99.99449094165577,1,0,2.3875765453910702,8.10468217215466,Medium
44.497504955156685,1,85.42126813951343,2,2,19.47493384247014,2.7265064731248465,Medium
18.194835615051854,5,101.5380045925882,1,2,6.827735497634691,7.315621195611339,Medium
6.736283804952687,2,117.90684972497218,2,2,18.286287307733858,3.721202152416987,Medium
8.006592420588957,5,76.45461718415591,2,0,17.01597869209759,5.2188432815794314,High
38.31402095415614,4,69.30625278537255,1,4,13.291449841469596,0.679732998194037,Medium
31.29268510249679,5,77.24738270327735,0,2,6.270113989810245,1.8122556104970955,Medium
5.955011130016722,4,66.25772697757881,0,1,19.067559982669824,9.571969635192346,Medium
5.121233499634874,4,78.03524717961766,1,6,19.901337613051673,8.90138053446914,Medium
35.34748744149688,4,56.731853916844315,0,2,10.324916328810335,6.522751108990502,Medium
4.565387311845483,4,30.120966031580316,2,6,20.45718380084106,4.5964459738573735,High
41.27114290522746,4,18.828431048842695,2,3,16.24857179254091,6.757612928952238,High
35.60586913066832,2,12.859207586209944,1,2,10.583298017981772,6.18610289093939,Medium
4.9860902514530885,1,35.28131513161801,0,0,20.036480861233457,5.685522556046121,Low
5.157047990174404,3,10.304209898609392,0,5,19.86552312251214,0.5917707186354182,Low
49.345339346557594,1,70.22463969072935,2,2,24.32276823387105,6.328026106615069,Medium
19.339268992049895,4,37.64027140770483,1,5,5.68330212063665,7.689200445711684,Medium
19.161465206277654,2,99.8215029300087,0,3,5.861105906408891,9.940816546455755,Low
40.82717879561763,5,13.53770039366444,1,1,15.804607682931081,0.11078552594309676,High
47.41518029180908,2,31.030421849270883,0,5,22.392609179122534,7.3017345331067665,Medium
49.31405212732067,4,88.97830691536677,2,6,24.291481014634126,5.717893159359805,High
37.91553107768814,2,73.86295408410152,2,4,12.892959965001591,4.340521760809567,Medium
19.436719691014872,2,12.416496193654266,1,2,5.5858514216716735,1.2757017457137088,Low
5.09153511823477,4,105.88253757365305,2,3,19.931035994451776,4.090851486348762,High
39.0801988804444,2,105.88510272501064,0,3,14.057627767757854,3.543771829861353,Low
28.361808237054447,3,42.99692044571399,2,5,3.3392371243679015,3.028298889787422,Medium
21.78687845310184,3,44.14667198519994,1,1,3.235692659584707,7.308796233222077,Medium
45.411364869642064,2,118.73826121027,1,0,20.38879375695552,7.007255212842638,Medium
6.448676633001416,5,77.01025973321089,1,2,18.57389447968513,5.890200909809115,High
25.138630110252098,4,66.1013998653268,0,3,0.1160589975655526,9.386648132933722,Medium
1.5563285936035345,3,101.38750110847131,0,1,23.46624251908301,3.4985438418085444,Low
23.964371457712186,5,37.80838891109139,0,4,1.0581996549743593,2.4380193771017957,Medium
3.75886050841003,2,54.355998240581044,0,3,21.263710604276515,6.5590331309839955,Low
6.822077897135524,5,35.79431768115843,0,1,18.20049321555102,1.9881406093740295,Medium
6.7587860920781395,1,95.75349735770412,2,0,18.263785020608406,3.150105071834246,Medium
32.811304803687115,3,70.93517474805007,0,0,7.788733691000569,2.2460244007488486,Medium
37.55619908400574,2,80.76488306610811,0,3,12.533627971319195,0.6915356771850123,Low
29.585069489760823,4,34.015333731531754,2,6,4.562498377074277,8.274987416356733,High
48.14645487525255,2,30.325909658391236,0,3,23.123883762566006,2.5454054292166117,Medium
19.3686583966615,4,61.16308233303795,1,5,5.653912716025047,4.730275033430207,Medium
14.999892227811175,2,89.82006114567508,0,2,10.02267888487537,0.4331527325431195,Low
43.561357281283556,5,65.40257211481841,0,1,18.53878616859701,6.9933946625264305,Medium
11.95619608745318,5,8.75425291775189,1,3,13.066375025233366,3.305610023062908,Medium
48.19790443258995,5,104.8834232268332,1,2,23.175333319903405,7.447367278292099,High
1.5955692598010007,1,12.43899275424013,1,5,23.427001852885546,4.124030604678661,Low
48.52406250867431,4,114.9198156278865,1,2,23.501491395987767,1.9575560640562462,High
3.1148356855782295,5,7.891325201886364,0,3,21.907735427108317,5.131750822820359,Medium
44.666012571205485,1,84.86180245503151,1,0,19.64344145851894,1.3050455963743979,Medium
26.857354345228693,4,14.45381232685489,1,1,1.8347832325421471,4.405391598729947,Medium
49.65527500984572,2,109.72780663504105,2,1,24.63270389715917,3.173054774204865,Medium
4.616031672034544,1,58.40982216593742,1,0,20.406539440652,9.119595841996333,Low
28.13885993566472,3,20.81523410395677,1,6,3.1162888229781736,0.6092872172071995,Medium
48.49582424533585,1,44.19380547583236,2,3,23.4732531326493,6.940174141057421,Medium
26.631794364337292,1,23.954837664877633,2,1,1.6092232516507465,1.827511659874359,Medium
31.840533268627865,4,24.616919829065353,0,3,6.81796215594132,3.1904507433223985,Medium
35.09168576024624,2,114.03245681971585,2,5,10.069114647559697,4.155140630620659,Medium
23.27251217362089,3,56.20330291275064,0,3,1.7500589390656565,9.080150893749742,Medium
31.75034592411911,5,95.71226034911635,2,2,6.727774811432564,2.4257826607382516,High
29.631401284231913,5,78.55463953543341,2,0,4.6088301715453674,0.9130880254467022,High
45.15674251405846,1,82.78903166891511,0,6,20.134171401371912,3.186896039905236,Low
3.2268726367314358,4,20.14474542428443,2,3,21.79569847595511,1.0467597053553335,High
14.767196290019285,4,31.93121138378085,0,6,10.25537482266726,1.285964859605525,Medium
47.57016271975138,5,95.47628854276024,2,6,22.547591607064835,5.738505979750267,High
44.6229254106549,3,116.63811374460003,1,5,19.600354297968355,0.6090193309949332,Medium
23.327180886499935,2,35.20769889884495,2,4,1.6953902261866105,0.30930881393566034,Medium
31.3864972922753,3,36.23040794636958,0,0,6.363926179588756,7.144141014704978,Medium
14.591677966075501,2,59.38317027325406,2,6,10.430893146611044,3.616470948410445,Medium
10.217936826464305,5,118.14163597837535,0,1,14.80463428622224,1.2537534923387328,Medium
23.721221842059126,2,35.93027877004417,0,2,1.3013492706274192,2.5361277085970824,Low
18.31425917327659,4,51.801769607940344,1,1,6.708311939409956,6.4208650735239905,Medium
29.59914948069273,1,107.52020179670328,1,5,4.576578368006185,2.7553656714085117,Low
4.808997211284257,1,5.335918751456631,0,5,20.213573901402288,4.945211251204079,Low
48.745345575642155,5,9.573085973685497,2,1,23.72277446295561,1.2169530672667228,High
49.32432647950054,4,74.46824286319021,0,0,24.301755366813996,5.8809363760544695,Medium
35.20992398696751,3,109.34871894197741,0,1,10.187352874280965,3.160776838432641,Medium
27.2687219508619,4,32.46851594622168,2,3,2.246150838175353,6.269684345287166,High
16.16685319803006,1,59.008804088281536,2,1,8.855717914656484,8.08394882304023,Medium
40.875955965640486,1,56.8035096906491,2,2,15.85338485295394,6.116464193899924,Medium
34.551827455140085,4,59.39170480098367,2,2,9.52925634245354,2.957475625950207,High
8.968230027899674,4,76.5897650089207,0,4,16.05434108478687,2.557437015483004,Medium
45.63543204019828,1,59.020532743928634,0,2,20.612860927511736,3.27420958733448,Low
41.30432490323528,3,56.45883625208265,1,1,16.281753790548738,1.6462051323650484,Medium
47.540195751304275,5,59.54316834959496,0,2,22.51762463861773,1.8117185085002008,Medium
36.560255911029635,5,72.94975574616977,2,0,11.53768479834309,7.906911019001679,High
31.057344600853703,4,66.75586116040621,1,6,6.034773488167158,3.8473257650744497,Medium
21.493908778240325,5,103.225639729808,2,2,3.5286623344462207,4.359951805705858,High
46.70369568434665,1,10.692138151771662,0,3,21.681124571660103,5.940494655668111,Low
43.43713058552001,1,100.83146321939644,1,0,18.414559472833464,5.896534951515476,Medium
3.215714835203281,4,102.05133045034826,2,4,21.806856277483263,0.6737687152192573,High
2.2919817503653483,4,37.764422476060496,1,3,22.730589362321197,8.315407863376656,Medium
19.44670497702443,4,58.22797482682282,1,1,5.575866135662114,1.7732655322393942,Medium
40.71711320830981,3,55.43192618180508,0,6,15.694542095623266,7.230716360496689,Medium
49.37653033643228,5,30.128630950724983,2,1,24.353959223745736,7.726709881281666,High
8.370427664072881,4,50.631637414926395,1,6,16.652143448613664,7.148995340913137,Medium
30.112405052254623,2,10.10459379964826,1,6,5.089833939568077,5.789776465541452,Medium
19.663651974920054,2,36.94953836989946,2,1,5.358919137766492,0.1460899710888286,Medium
48.52580549291556,1,98.91845017683258,1,3,23.503234380229014,3.6037549236317066,Medium
42.26382723364973,5,37.724664702733214,1,3,17.241256120963182,6.048394293625812,High
42.07810653084575,4,99.09376690604847,1,6,17.055535418159206,3.874512959225387,Medium
23.965964829953545,2,66.13393842950956,2,3,1.056606282733,8.63479894912813,Medium
21.326155614545595,5,106.1842078965334,2,6,3.6964154981409507,3.0880227534961535,High
14.396946524604605,1,71.09964874040774,2,6,10.62562458808194,2.9353479245866043,Medium
3.7623993358954286,3,8.411845652445079,2,0,21.26017177679112,2.6599769309265797,Medium
43.371396436497605,5,82.67332386791526,0,5,18.34882532381106,3.327808689607955,Medium
40.8321494473738,5,10.158160322710396,1,0,15.809578334687256,5.574049643141872,High
49.9861659910204,3,56.81865718306041,2,1,24.963594878333854,7.070152942725908,High
49.835205016621366,5,111.8840698644081,1,5,24.81263390393482,6.625679177387851,High
28.216153574528747,1,23.99845302385277,1,2,3.193582461842201,8.077178199814796,Low
38.680383343845016,1,49.83532058827757,0,1,13.65781223115847,8.85913995497425,Low
47.29352076423897,3,88.93393551757502,2,4,22.270949651552424,8.160790423433513,High
42.63272214319316,4,106.45973395090748,2,0,17.610151030506618,0.18945403374354575,High
13.120056985416685,2,82.1584455453884,1,3,11.90251412726986,7.359179535519887,Medium
23.076662630194583,4,34.68992423198446,2,0,1.9459084824919621,2.083995736183316,Medium
7.328811342423254,5,82.57990308536486,1,3,17.69375977026329,1.3292804270798264,Medium
47.7485003356774,2,39.12367872697035,1,5,22.725929222990853,6.384887847991355,Medium
30.702557088093123,3,87.61936142915455,0,4,5.679985975406577,3.197431954076949,Low
12.203497469669673,3,114.71380967227967,0,5,12.819073643016873,0.5711716337044326,Low
33.91333353588698,2,87.96024687722316,0,4,8.890762423200432,1.3762973439836135,Low
31.288283782436896,1,104.23125783492742,1,0,6.26571266975035,0.009294168699610639,Low
18.549973183609186,2,5.241941965226593,2,3,6.472597929077359,9.032236273447072,Medium
6.564322017781822,5,87.52079434413335,0,5,18.458249094904723,0.2461798384123859,Medium
33.90708658404718,1,100.40256903950379,2,4,8.884515471360633,2.0945576950951104,Medium
26.49507734428587,3,9.664254817638364,0,6,1.4725062315993256,4.162627806879073,Low
38.843601195046325,2,105.23373863814652,0,1,13.82103008235978,3.5657132595081906,Low
26.488011554487677,4,34.51983625565527,1,1,1.4654404418011318,9.117258769127757,Medium
42.75689351560847,4,81.50859172747634,0,5,17.734322402921922,0.40288945734542114,Medium
28.043435099949793,5,97.04081108769176,0,3,3.0208639872632475,5.122147076770515,Medium
28.485960605233927,4,81.20641900182588,1,6,3.463389492547382,6.80479462524374,Medium
43.9560265302589,2,15.612751088424583,2,5,18.933455417572358,9.316979736811689,High
20.770660444407454,2,73.57697466894236,0,0,4.251910668279091,6.20371252123721,Low
7.566746194081396,4,68.20212052304652,1,4,17.45582491860515,8.037552360117626,Medium
2.41035113935361,2,108.53694582854122,0,0,22.612219973332934,0.837249378453484,Low
38.001725528007334,5,51.487568909084054,1,1,12.979154415320789,3.8593951093692738,High
31.39516801631977,1,41.92432616501076,2,4,6.372596903633223,3.7394713447906747,Medium
35.49990863686195,5,91.23283791019362,2,5,10.477337524175407,8.862882164557176,High
11.435243913936626,5,52.45766249959061,1,0,13.58732719874992,1.5137117126327493,Medium
7.682202303751718,2,79.30106012558224,1,2,17.340368808934826,1.5188617233663027,Medium
1.7126886177262146,1,79.3417603643298,1,3,23.30988249496033,3.285581498857985,Low
18.178790381523253,2,107.12449240141355,2,6,6.843780731163292,0.5446604736683758,Medium
29.90596665587702,3,73.84962626669619,0,6,4.883395543190474,1.8245804065249005,Low
20.219958209886883,2,62.74766514562849,2,3,4.8026129027996625,9.652096385457352,Medium
22.436271179162723,2,20.970202535599455,1,2,2.586299933523822,4.281839398671728,Medium
45.303776030193674,2,18.309824768051115,1,1,20.28120491750713,6.320192084224364,Medium
18.06451788414172,1,22.74698000755413,2,4,6.958053228544827,7.261112593446369,Medium
26.18548496883073,2,24.76257535261587,1,3,1.1629138561441827,3.669614070072005,Medium
39.39899762431601,1,78.3558656563179,2,2,14.376426511629464,1.4722707441051697,Medium
20.430596333742237,4,90.21284378157652,1,5,4.591974778944309,2.065810162217808,Medium
31.4822483111658,3,65.94902513653815,0,6,6.459677198479255,3.1326647658061035,Medium
43.25582172859051,1,100.33703924273146,0,2,18.233250615903966,6.360684203522257,Low
47.52651055922446,4,118.99527107436782,1,1,22.503939446537917,3.982805490890544,High
8.206600565522859,1,99.30145234872595,2,1,16.815970547163687,0.0681469790012812,Medium
46.40279363291322,1,84.91147297273531,0,0,21.380222520226678,5.234071850674718,Low
25.11369836089737,3,66.23666043527186,2,3,0.09112724821082452,9.215133919074178,Medium
13.65397502664896,5,56.618103242591445,1,0,11.368596086037586,8.12077611008679,High
23.497652055674806,5,14.70512376262237,2,6,1.52491905701174,8.25211371259631,High
49.021596188988376,1,50.927406065389455,0,2,23.99902507630183,7.950580176061312,Low
25.13828660565061,2,109.66548322994544,2,4,0.11571549296406403,3.2373082561042366,Medium
17.108828904087904,4,97.92260243925358,2,4,7.9137422085986415,7.651938337543919,High
32.03664186151956,2,29.84590697634403,1,1,7.014070748833017,1.43161357811193,Medium
12.76713532013146,2,58.65989524017982,1,4,12.255435792555085,6.577161472759535,Medium
4.717303077324532,1,98.92316829423262,1,4,20.305268035362012,6.415685666849944,Low
7.315106373621812,1,12.74922380033509,0,6,17.707464739064733,0.2556979908973467,Low
7.27424610893085,1,49.55014735189582,0,4,17.748325003755696,7.879701335909316,Low
8.443231982102423,1,102.96174224050398,1,2,16.579339130584124,9.032481050951306,Low
7.802531459821097,5,51.44825437956423,1,4,17.22003965286545,2.674152784721077,Medium
32.40286249535751,1,13.9256841441157,0,5,7.380291382670965,8.12390724186151,Low
9.912124135558097,5,67.39145238120892,0,4,15.110446977128449,0.824059718619482,Medium
17.937696882869297,5,104.10038691560396,0,4,7.084874229817249,5.9996785826106604,Medium
44.94263208539458,1,72.88283743961337,0,0,19.920060972708033,4.8564686533427714,Low
24.224120372880744,3,31.022097444636657,1,2,0.7984507398058014,5.45923533309,Medium
33.710329187530334,4,49.18755631579885,0,1,8.687758074843789,9.26205201884345,Medium
9.443673688879862,2,56.7641865359222,1,0,15.578897423806684,8.713152472468535,Medium
10.422161921624868,5,71.61563068936059,2,3,14.600409191061678,7.85083657239757,High
3.0025621970574643,4,92.3253679615505,2,2,22.02000891562908,2.7369845767837098,High
9.277818090536062,3,16.37046602867307,0,5,15.744753022150483,9.118186286860917,Medium
14.650926612565973,2,107.30998379702012,2,2,10.371644500120572,0.9750769246387525,Medium
9.673513729560593,2,6.415615846848693,2,3,15.349057383125952,8.533292165587877,Medium
5.346424154095725,5,47.556018487539355,2,3,19.67614695859082,3.281600723536078,High
6.9111576839294395,1,8.15333564685563,0,3,18.111413428757107,0.5377231166198337,Low
23.578159633603562,3,50.19203591470849,0,6,1.4444114790829836,6.6935698424074825,Low
11.110352201883833,5,65.46844887043224,2,1,13.912218910802713,2.3127992831595545,High
18.849223191355698,3,63.84335945687385,1,4,6.173347921330848,2.435711258646319,Medium
25.667446271887986,1,24.047259908250513,2,2,0.6448751592014403,3.060471662287715,Medium
34.829346602838896,1,79.26015866099542,0,6,9.80677549015235,0.6368476750251673,Low
2.926294852213848,5,10.149521808036845,0,4,22.0962762604727,1.7712714419825404,Medium
40.17110954654309,1,92.61928431522777,0,4,15.148538433856547,0.051396275855603024,Low
31.767119085054482,4,113.86410990925782,2,5,6.744547972367936,4.454095211057868,High
5.0061925654947235,2,44.073415122378556,1,3,20.01637854719182,0.8425537741797129,Medium
43.805352581232086,5,64.48252889714817,0,1,18.78278146854554,6.82652605044199,Medium
46.122747626058846,3,48.57468197676366,0,5,21.1001765133723,2.356228511916484,Medium
3.9928200328883237,4,5.7716948849668945,2,0,21.02975107979822,9.435741440351771,High
14.567004759212983,5,49.37556783293833,1,6,10.455566353473563,8.712516273986527,High
40.50386270986,1,96.04782981505484,2,6,15.481291597173456,2.8944089496820826,Medium
37.66472482879926,1,73.5387168511004,0,1,12.642153716112713,7.8321545465667874,Low
10.04152994846249,1,16.644890180743275,1,4,14.981041164224056,8.032449046648063,Low
11.258116843498804,1,102.42104131478528,1,6,13.764454269187741,9.865631141144105,Low
19.153133036777717,3,66.07481466180292,0,1,5.869438075908828,5.978399868456849,Low
24.741626274360044,4,101.79818660063775,1,6,0.2809448383265014,0.8196573464366219,Medium
31.2944838049845,2,71.72547466027838,1,6,6.271912692297956,6.46837228926381,Medium
19.07676833891885,3,69.36417115636308,2,3,5.945802773767696,6.249797483760352,Medium
23.664201090524248,3,17.104806297656424,0,0,1.3583700221622976,6.383505774204318,Low
37.62607596855407,2,24.246369310942214,0,3,12.603504855867524,3.071456481042115,Low
2.797476941639297,2,116.78290449710798,0,0,22.22509417104725,8.596795850803328,Low
13.369410272857017,1,31.275975876798636,0,6,11.653160839829528,9.59472182955412,Low
35.95412970834307,3,117.4069935688923,0,5,10.931558595656522,2.1771251297815155,Medium
44.86513504667277,5,66.16996125029029,1,4,19.842563933986224,0.8815215813664445,High
26.07219466366764,2,20.61574041235277,2,6,1.0496235509810958,1.9453503316848408,Medium
27.073560778000466,2,16.419753316674687,0,0,2.050989665313921,8.205521392557188,Low
6.251428555649026,4,29.019368131160096,2,0,18.77114255703752,6.766446348198475,High
22.923205974349276,5,111.44829295291362,2,0,2.0993651383372693,6.360473423391266,High
27.098246056296134,5,52.62727579774608,1,6,2.075674943609588,4.017931351094245,Medium
12.881054678101753,2,50.47494081918515,0,1,12.141516434584792,5.7782797151143575,Low
14.192918316519668,1,41.01872002307001,1,5,10.829652796166878,3.078741252743674,Low
19.48692399212651,4,21.912112815157663,0,1,5.535647120560036,4.772000794179613,Medium
1.983488691108592,5,61.10288767712674,1,4,23.03908242157795,7.930630283706559,High
16.781879113575734,2,19.95549498878095,2,6,8.240691999110812,9.812415974554622,Medium
11.360952342830688,5,101.08022718396768,0,0,13.661618769855858,9.324889235898018,Medium
17.04737025671782,4,47.595653421660245,2,5,7.975200855968726,9.338659428462488,High
6.86834445914331,4,48.10241029490658,2,5,18.154226653543237,4.022237348471124,High
44.635836756254854,3,59.510739275562926,1,2,19.613265643568308,4.68789880506791,Medium
30.086030224148384,2,56.07468701406144,0,4,5.063459111461839,7.056353963689816,Low
34.27601363807999,4,119.40866690182197,2,5,9.253442525393442,9.221919280512843,High
39.669390691759574,3,67.71882894010479,1,6,14.646819579073028,1.4199425935208465,Medium
25.423667747523808,3,15.143195935835129,0,0,0.40109663483726266,3.0424186382719576,Low
5.259094116283761,5,74.79089428134695,0,0,19.763476996402787,1.3924684459410952,Medium
27.31822054910884,5,22.432193680036196,2,5,2.295649436422295,6.120085299594553,High
29.755214783023078,3,8.557829144104327,0,1,4.732643670336532,3.0630099688753756,Low
37.526534235032166,5,116.63534767288354,2,4,12.50396312234562,3.2610785251257344,High
22.15131776525429,4,93.95697252647484,0,0,2.871253347432255,0.7091595948797924,Medium
7.251434836982624,1,117.7125341275832,1,5,17.77113627570392,3.4979606180759193,Low
14.9050193841375,4,59.95602152255788,2,0,10.117551728549046,8.624965074015854,High
18.79103252353312,3,66.20961608213224,2,5,6.231538589153427,2.3307281189083495,Medium
32.64994482524846,3,24.358749930699975,0,4,7.627373712561916,6.951874662100657,Medium
28.968136928776683,4,33.39435406677234,0,5,3.945565816090138,6.2962834493859265,Medium
18.448739568994466,5,101.43315971382525,2,2,6.57383154369208,8.634846083691153,High
49.33924719085601,5,45.96134941852333,0,5,24.31667607816946,1.3228794765103824,Medium
30.68296614848747,3,100.08372198658819,1,5,5.660395035800924,9.775899603450432,Medium
12.624112795063729,2,86.53657829300866,0,6,12.398458317622817,5.826286460403656,Low
5.987341158399783,5,25.374656406264535,1,4,19.035229954286763,9.954741523468144,High
8.490097820032268,4,63.35633210377035,1,6,16.532473292654277,9.115147258658508,Medium
13.0519286908409,5,82.89954197465244,1,5,11.970642421845646,2.215172721131058,Medium
8.873387289718227,4,32.02927970243989,1,4,16.14918382296832,0.561620099033131,Medium
10.141784178513982,3,100.52917870980883,1,2,14.880786934172564,2.5563909379536156,Medium
14.969663265998507,5,67.65518061769649,0,4,10.052907846688038,5.2756364899941985,Medium
9.495306169442987,4,24.00283580089937,1,0,15.527264943243559,1.7159636706519,Medium
44.941505806694835,3,72.04320900892928,0,6,19.91893469400829,1.674597445179885,Medium
4.931453537420468,2,119.96708747793012,1,4,20.091117575266075,4.625935471051531,Medium
26.701058088942478,4,22.30997154129256,2,2,1.6784869762559325,0.33267971169358423,Medium
21.109444522493416,2,98.92704696374574,1,3,3.91312659019313,1.2188808253227046,Low
49.136552228521715,2,28.840535366569167,2,5,24.11398111583517,4.158613394079476,High
6.489906206234565,1,94.97465788791004,1,4,18.53266490645198,0.6312990920796646,Low
20.49492435324134,5,89.47646115896252,1,5,4.527646759445204,3.9675505645552933,Medium
48.504051230493076,4,39.55627934404972,1,1,23.48148011780653,4.740062659484451,High
43.40984916880503,2,42.46965851991173,2,0,18.387278056118486,4.512666140731144,Medium
41.03653147651472,1,96.1399600757357,2,6,16.013960363828172,8.691748574030873,Medium
13.637238525202052,3,58.06623386704096,1,0,11.385332587484493,5.300624550517324,Medium
9.373491782113225,4,89.044073301858,0,1,15.64907933057332,4.6798046247804335,Medium
33.76351777629712,2,22.018176947070998,1,1,8.740946663610575,4.107092453916662,Medium
46.5394234672517,5,103.04414491867865,2,6,21.516852354565156,8.17623378304486,High
28.28138175768256,1,86.7517424184667,1,4,3.2588106449960144,8.950566039998332,Low
29.009021784025094,2,109.2984230160059,2,1,3.986450671338549,8.532424691971176,Medium
14.718975589353924,5,20.222823589021832,2,3,10.303595523332621,6.735465781313908,High
38.70515372640491,2,73.19666754146873,2,5,13.682582613718363,1.3736174596867423,Medium
10.165143679318644,4,73.8988672796374,1,5,14.857427433367901,2.7686996949201226,Medium
16.86028258380794,4,45.64798516287998,2,2,8.162288528878605,0.46063063681977434,Medium
21.846385492204423,4,57.72363882546465,2,1,3.176185620482123,9.308240749901142,High
25.872908555538295,1,9.36787977833315,1,1,0.8503374428517496,6.607985296909104,Low
12.878076888338931,4,90.77390444210639,2,3,12.144494224347614,7.463628843132415,High
6.627004412220973,5,68.17208513136501,1,0,18.395566700465572,3.1157173958222897,Medium
30.920382079639996,2,11.640220964954985,2,0,5.89781096695345,8.456535222773423,Medium
15.142897108772534,3,83.28692769045584,0,5,9.879674003914012,2.596032837084785,Low
29.480672849708,5,58.67993888158661,0,5,4.458101737021455,0.01643757112449684,Medium
8.563773048435912,5,8.963044833875,2,4,16.458798064250633,3.7641496252069393,High
24.575864990886057,4,116.50488858753097,0,6,0.44670612180048863,5.707614809590734,Medium
27.096882195027707,1,114.14789645528566,1,3,2.0743110823411612,4.787048579655226,Low
3.5393533042989187,2,63.983777856927716,0,6,21.48321780838763,8.62076142576597,Low
17.493609631502107,1,15.772328381179673,2,6,7.528961481184439,1.0540528595616694,Medium
7.586319170009737,2,91.78144048383805,2,2,17.436251942676808,5.5382344063372555,Medium
4.105373553165619,2,61.57207651215884,1,6,20.917197559520925,5.129793498209074,Medium
49.508051387107315,1,39.78146000327869,2,2,24.48548027442077,2.81392982172163,Medium
16.795338403761427,5,61.51309041578403,1,6,8.227232708925118,8.222281125770106,High
40.68384784687711,2,65.08107672162842,0,3,15.661276734190562,7.528486558822063,Medium
13.477392083424428,1,69.71184538756901,0,2,11.545179029262117,7.3285918733183095,Low
34.39363338897253,2,55.74072707036255,1,0,9.371062276285986,8.76192478269556,Medium
38.25116513459464,3,74.66185986099151,1,2,13.228594021908098,7.227846006215212,Medium
30.186298289784368,5,110.6544917197334,2,2,5.163727177097822,2.3184129171472643,High
24.10723323895776,4,46.66083001633798,0,3,0.9153378737287845,7.055627116496911,Medium
21.18020479321616,2,88.45739327029415,1,3,3.8423663194703863,3.0770281338984384,Medium
18.09454506060677,3,107.8620440347867,0,2,6.928026052079776,2.421746503474705,Low
46.546928068143465,4,57.437616712392746,1,1,21.52435695545692,0.7300359289962732,High
41.700350981598724,4,55.99742118391897,0,3,16.67777986891218,7.440285803476767,Medium
48.28631862265912,2,74.24345331579964,2,4,23.26374750997257,7.110009619498112,High
7.090563950791692,1,73.01177733358614,0,4,17.932007161894852,2.344994776740937,Low
36.81250628497857,2,97.75777436752185,0,0,11.789935172292022,7.49379016724156,Low
46.97868238423085,3,59.79558913450366,0,6,21.956111271544305,9.178408830935531,Medium
9.880420242117347,4,119.55413920853573,0,2,15.142150870569198,1.0802895749157926,Medium
4.258317100972097,2,11.839230419737289,0,1,20.76425401171445,2.3263663838677493,Low
37.314911815212895,1,5.3643025867807,2,0,12.29234070252635,7.502607940873155,Medium
29.149182545815684,2,78.62280582935674,1,2,4.126611433129138,2.7450667350707825,Medium
42.24961006115533,5,39.32001492161582,0,3,17.227038948468785,6.246639742837168,Medium
7.848846454688186,1,32.64397470044064,2,4,17.17372465799836,0.8116422446371452,Medium
39.96809828113462,3,40.868394200492254,0,5,14.945527168448077,4.5220247910353875,Medium
10.879738682339482,4,34.44546998706974,0,1,14.142832430347063,7.390914219929531,Medium
9.01914120041952,2,8.540855710951503,1,5,16.003429912267023,6.865139430432525,Medium
9.049024098618654,1,116.7262998749177,0,4,15.973547014067892,8.150721006758069,Low
40.91416129133772,5,30.3857311720699,2,6,15.891590178651175,8.77452126603169,High
33.59466381411381,1,89.41342269777023,2,6,8.572092701427263,7.731835012587583,Medium
26.630205813686846,5,92.69858538983016,1,5,1.6076347010003005,6.71587742938926,Medium
18.582693722051623,3,111.86460077083137,0,3,6.439877390634923,0.3172249181603115,Low
43.982826499842304,4,8.513187565738697,2,2,18.960255387155758,5.34966673409444,High
20.229810263709133,3,105.28555892140588,0,3,4.792760848977412,0.3769772491485279,Low
41.013372534107276,2,65.63101079657702,0,5,15.99080142142073,8.080678171160226,Medium
22.517610519940703,1,77.7425726460702,0,3,2.5049605927458423,3.2072452445995756,Low
19.47027704182047,5,79.11408186891887,1,4,5.5522940708660755,5.624293741179209,Medium
23.671309497810714,5,99.27674757324367,0,1,1.3512616148758312,2.7944530731890262,Medium
15.767515834042962,1,43.34184204829771,2,3,9.255055278643583,7.825001443802936,Medium
37.632859628636304,1,89.30088683389924,0,4,12.610288515949758,8.865025266419025,Low
25.63329911453148,2,65.78648261805267,2,1,0.610728001844933,3.9864249421306397,Medium
12.378422062194048,3,96.24031164511499,0,6,12.644149050492498,8.62922393510989,Medium
45.079154090453855,5,118.91279376856534,2,2,20.05658297776731,2.670750074563324,High
19.810669847287357,2,28.07486700143254,2,5,5.211901265399188,5.346609230755238,Medium
27.63409019458544,3,119.38459377939975,0,6,2.6115190818988943,8.58761429838704,Medium
45.4171334372628,2,15.32839774251901,0,2,20.394562324576253,3.2588134261579036,Medium
31.587661799785614,5,5.266518009053595,2,6,6.565090687099069,9.540422650780858,High
6.728003994709839,1,10.078622660450595,1,0,18.294567117976705,1.2187950178138363,Low
47.05177405706028,1,44.304976544727595,0,6,22.029202944373733,0.18275069723506232,Low
31.757694600499477,3,77.78422802801992,1,4,6.735123487812931,9.041353525781906,Medium
17.41037511819722,4,12.938397202102706,0,1,7.612195994489326,0.6864866614787224,Medium
7.824331560505976,3,5.651568670900236,0,6,17.19823955218057,9.918891959474918,Medium
39.9072342742445,4,112.7654682727614,0,3,14.884663161557956,9.513968619791061,Medium
31.383565040497164,2,99.52156313309192,0,2,6.360993927810618,1.3702091003632066,Low
27.139593506839756,2,98.05606468098857,1,6,2.11702239415321,5.375846256925659,Medium
44.80073656949693,5,106.70879168272737,0,1,19.77816545681038,1.8492029746714433,Medium
39.641263350002006,4,85.503941368792,2,4,14.61869223731546,4.2815517303011985,High
8.432069106904809,5,17.006474921029366,2,0,16.590502005781737,0.6142512925983268,High
16.274381321981863,1,50.89652162847815,1,2,8.748189790704682,2.239245877965895,Low
13.17596785090882,4,88.16219094343239,0,5,11.846603261777725,3.6327279639889953,Medium
37.453368336061175,3,37.2384629910249,2,1,12.43079722337463,4.386475002460548,High
2.64308930205319,1,84.05173187566731,1,5,22.379481810633354,9.774962582088932,Low
28.92459455869451,1,7.8173215507800204,0,1,3.902023446007963,8.078656456839813,Low
38.360475601293835,3,40.20579420115322,2,1,13.33790448860729,7.374099443119462,High
43.96151620132572,1,68.14998867187487,2,4,18.938945088639176,5.370413147419742,Medium
17.762005687079466,4,77.69033039321786,1,4,7.26056542560708,8.399977606043434,Medium
41.24160792892863,5,71.35967641311974,0,4,16.219036816242085,3.3932283565571106,Medium
6.420955110805155,1,85.24197174844439,0,6,18.60161600188139,7.088991127733161,Low
42.47616229499139,4,5.700206047581493,2,3,17.453591182304844,9.93783975378172,High
7.246944454267139,2,16.60823799741497,2,1,17.775626658419405,3.146289089351988,Medium
20.467077237457996,4,104.92858901210168,2,2,4.555493875228549,6.740175348839673,High
40.067472923198125,5,83.40109407036854,0,5,15.044901810511579,8.443148641523825,Medium
8.345953940089915,4,17.9871389088913,1,4,16.67661717259663,9.158075833506722,Medium
12.233318366399432,3,101.83856030083662,1,6,12.789252746287113,7.179326909401018,Medium
36.390375851260245,5,32.85659004982519,0,4,11.3678047385737,2.8360792341713625,Medium
36.28179029075764,2,59.9998866824507,1,5,11.259219178071096,3.2628215156894647,Medium
32.41623401137957,3,21.697598981735933,2,5,7.393662898693027,0.2075803212396421,Medium
35.0034737788879,4,86.66265648849627,1,1,9.980902666201356,7.6088597767150965,Medium
27.59349772403221,5,81.6882584166408,1,4,2.5709266113456657,0.42739606061951374,Medium
13.338153886440685,2,29.27793418410566,1,5,11.684417226245861,8.646523546027456,Medium
17.939103681692053,3,104.29108818855521,2,3,7.083467430994492,1.186606144745388,Medium
9.898288123269857,2,51.1501927852669,0,3,15.124282989416688,1.7187651213592425,Low
45.514077505347785,4,38.63923547313531,2,4,20.49150639266124,4.765264708322373,High
29.586197943539904,2,22.517902788421576,0,6,4.563626830853359,7.378804151687424,Low
20.641719421418355,1,35.60932143928681,0,5,4.380851691268191,1.3900220519907769,Low
23.638284378562503,3,7.533095940738955,0,1,1.3842867341240428,4.4007107506649845,Low
47.41688364097895,2,72.0746116324533,1,1,22.394312528292406,4.828512744101047,Medium
8.51421875268793,4,101.856535829554,1,6,16.508352359998618,2.122856416685913,Medium
29.725261768823064,4,68.1327516857888,0,1,4.702690656136518,1.1555837668063174,Medium
25.788545265338833,2,30.21650562124571,0,0,0.7659741526522872,8.364209229856396,Low
30.961257536297744,4,8.871955494595362,1,4,5.938686423611198,5.024656497627655,Medium
1.8873990072211848,5,29.68222842476233,2,1,23.13517210546536,0.14381235984152974,High
43.73407153826342,5,52.85396422817561,0,3,18.711500425576876,8.029813013091038,Medium
46.67379584169701,5,92.35531430047659,2,5,21.651224729010462,9.807938054145849,High
28.69152599587124,1,26.601928041844022,1,2,3.6689548831846928,6.059261954142473,Low
35.13589036996772,2,87.7760171357889,0,6,10.113319257281173,5.037083870840707,Low
46.20246967768749,1,104.69734886046662,2,2,21.179898565000943,8.784158630449618,Medium
35.654693081356534,4,57.20388753246106,2,1,10.632121968669988,9.525167896845986,High
8.474413102798806,1,99.46467903889823,2,2,16.54815800988774,7.545369159024605,Medium
29.238129648173846,4,68.78559502403598,1,2,4.2155585354873,4.454529297342878,Medium
30.72903727275994,4,78.26544626430407,1,0,5.7064661600733935,5.922213993314404,Medium
21.782402893816915,3,65.52202293889331,2,3,3.2401682188696306,7.0093536501799925,Medium
37.08576754561142,5,58.2648624264043,2,6,12.063196432924872,1.9427357100180143,High
46.78398372368173,4,31.985145804222675,1,3,21.761412610995183,4.4720103221643805,High
46.35285713243204,3,39.867316838020294,2,0,21.330286019745497,8.29821264717285,High
23.091129198802474,5,38.34656367851504,2,0,1.931441913884072,6.54725348498443,High
6.548664246197007,4,69.77822705968869,1,2,18.47390686648954,4.112040672118541,Medium
49.2572187491544,4,18.79467469774734,2,4,24.23464763646785,6.633625340146814,High
42.10600623585077,1,110.43104443076854,2,5,17.083435123164225,1.1822241207245987,Medium
7.1084713789600755,1,87.87534170755802,2,5,17.91409973372647,4.014976105648763,Medium
46.121252248251245,5,51.166247555017264,1,2,21.0986811355647,7.931285379630564,High
43.62492174104428,4,23.241776620533464,2,5,18.602350628357737,2.20508787136648,High
26.423064799177535,2,106.42909951798812,1,0,1.4004936864909894,1.859615075574177,Medium
29.972496351501533,1,99.734480361634,1,3,4.949925238814988,9.508186599164315,Low
20.551132489636384,5,87.99797856247562,0,5,4.471438623050162,2.098976295862307,Medium
3.6833203022795353,4,36.227910452292875,0,6,21.33925081040701,2.6091857965016807,Medium
17.424664840649147,4,51.281363304871924,2,2,7.597906272037399,9.69615938904338,High
40.339818981302564,2,16.816049032028687,1,4,15.317247868616018,7.347085702650257,Medium
1.22696912722554,5,26.739545343666148,0,2,23.795601985461005,6.995965330235282,Medium
17.341459412866065,4,95.04691329142427,2,1,7.68111169982048,8.529263838545813,High
20.510265985956224,1,87.22945266782864,0,2,4.512305126730322,1.1582308223679427,Low
27.33238454395822,2,73.25086274223248,0,0,2.3098134312716745,7.059562365800072,Low
46.072925204225264,5,108.00857348150988,1,3,21.05035409153872,5.036886093282389,High
17.9709537239321,2,72.07564954850022,1,3,7.051617388754444,8.2915064028414,Medium
18.000706892915158,1,58.70131999581523,0,6,7.021864219771388,5.081417186651943,Low
37.13756115737767,5,44.14263582516271,0,5,12.114990044691123,6.202413542689121,Medium
23.15867910360055,2,113.15157815965985,1,0,1.863892009085994,4.777421263995359,Medium
12.005636324059116,3,14.512278075300651,2,1,13.01693478862743,4.781589235558441,Medium
23.169536290501977,1,112.05204778699297,1,0,1.8530348221845685,7.679699780618315,Low
7.901993998610193,1,100.07218589206711,0,2,17.120577114076355,6.285664006472832,Low
9.642962338804942,1,19.941941321605647,2,0,15.379608773881603,6.332632016094104,Medium
25.42002086423451,3,69.97320113265415,0,0,0.39744975154796336,4.502824838315258,Low
21.527347025722847,3,104.65301790114499,2,6,3.495224086963699,5.311094963375275,Medium
45.827449152336904,4,70.75805381482267,0,1,20.804878039650358,7.457176662047873,Medium
18.757301056715022,2,109.32797947947157,2,2,6.2652700559715235,8.259409191119182,Medium
29.44882916362413,4,113.44313893384489,2,4,4.426258050937584,6.965614021440461,High
31.980950108056987,2,53.57422005119518,0,6,6.958378995370442,9.240729888456832,Low
1.641628372828348,3,48.39107106172722,2,4,23.3809427398582,8.20324088147201,Medium
33.51333122881882,3,112.67693270645303,1,6,8.490760116132275,5.6186378980951845,Medium
9.72376237661782,4,82.64110703221183,0,3,15.298808736068725,6.714060726437369,Medium
48.092445556003305,5,18.342608355039467,1,6,23.06987444331676,9.26308276921196,High
8.284473659902535,4,9.863551160608338,0,5,16.73809745278401,6.191680442430584,Medium
21.316582062624164,2,69.93234086468526,2,0,3.7059890500623816,8.248069479798307,Medium
5.182133735853549,4,111.96966102541883,2,3,19.840437376832995,6.888105035899871,High
49.84683834045142,1,102.08860077666911,2,1,24.824267227764874,5.519363610604665,Medium
25.607555506230888,2,82.72249084339869,0,4,0.5849843935443424,2.4183819541535314,Low
30.173865848682144,2,20.998322622475065,1,6,5.151294735995599,4.259975194684281,Medium
4.286747392032947,5,34.236609131099996,1,0,20.7358237206536,9.677428248337156,High
37.74806304955971,3,105.68379105355086,0,1,12.725491936873166,6.577653832726,Medium
11.285374061683703,2,26.022832215543552,0,5,13.737197051002843,5.643953803389897,Low
45.004660182594975,3,37.02053194879998,1,1,19.98208906990843,9.329566255282273,Medium
11.051842383618352,4,19.904074887475822,1,0,13.970728729068194,5.865117810374487,Medium
10.343698312519662,1,82.75244661265728,1,5,14.678872800166884,5.2608251841740294,Low
2.7909337245566492,5,113.5579651167691,1,1,22.231637388129897,7.593108551502052,High
24.131280310389965,3,35.93132363346939,0,5,0.8912908022965809,7.126656189865445,Low
28.677215529868207,2,59.671759902758474,0,6,3.654644417181661,1.9316000840843273,Low
4.219723331989266,3,77.9490700667885,2,6,20.802847780697277,4.713082745741212,Medium
39.00085321805552,2,119.93861854479754,1,0,13.978282105368972,4.725154428195852,Medium
23.211152902653353,3,17.052927474720793,2,0,1.8114182100331924,3.7822451524334477,Medium
26.695123197051423,2,62.33564194315655,0,5,1.6725520843648773,5.1729348215225315,Low
22.59737459997318,4,49.28881378878751,0,2,2.4251965127133666,4.131073977271442,Medium
20.637389982890973,2,104.56931900057084,2,3,4.385181129795573,1.9934548947118313,Medium
28.422376234102675,2,59.736289066340426,1,1,3.3998051214161293,4.123664872746811,Medium
8.606772050604913,1,17.762415327292032,1,1,16.415799062081632,0.722769475731766,Low
9.914478394268285,2,77.95877670795711,1,2,15.108092718418261,5.757858627744116,Medium
43.22749542966235,1,93.63977110034618,1,2,18.204924316975802,8.53654548941112,Medium
47.359657644548,5,5.331343941545678,2,2,22.337086531861456,7.252870843545552,High
19.292156497707893,1,103.7800188233724,2,4,5.730414614978653,3.6039404005411124,Medium
14.266488984034135,4,26.392645000651548,0,4,10.75608212865241,0.8707120557730819,Medium
32.55597761871177,1,68.48797693513845,1,5,7.533406506025226,2.0214939922527075,Low
21.027974383806722,5,52.81671257905677,1,4,3.9945967288798236,5.454903404948357,Medium
2.243931427356898,4,87.760188910211,1,6,22.778639685329647,2.0705708338303284,Medium
8.651477270943328,3,47.68358570036031,2,6,16.371093841743217,5.439731112849675,Medium
36.08263921352248,3,105.02276531839674,1,0,11.060068100835931,2.3159902476389895,Medium
33.28727315359742,1,89.00708151026087,2,5,8.264702040910873,8.489238694760727,Medium
2.327703632670691,1,79.48701467223597,1,1,22.694867480015855,3.972714728404597,Low
11.876635934714523,5,96.56766848972825,1,3,13.145935177972023,2.4555062594449106,Medium
12.322665032815499,5,91.71264901676396,0,0,12.699906079871047,8.123261802470616,Medium
33.922744436337695,2,9.132947615978633,1,1,8.900173323651149,3.428389648054507,Medium
1.9658163499638435,5,50.39445069215524,1,1,23.0567547627227,1.1148768783878193,Medium
6.101320517244118,2,112.04283919139633,0,5,18.921250595442427,5.704094914036416,Low
40.19588818328628,4,19.458290934106017,2,2,15.173317070599733,5.815642044379887,High
9.748688440662347,1,89.7661032996859,2,2,15.273882672024198,7.146956752357342,Medium
32.98455928474186,4,117.07805830356291,1,0,7.961988172055317,2.4021943320838557,Medium
12.6709562712896,5,11.002842340171739,2,2,12.351614841396946,4.43771339092245,High
5.872628245207913,4,83.45229627206021,1,1,19.149942867478632,2.8236791904265623,Medium
12.91543735897325,4,58.8377262496185,0,2,12.107133753713295,0.8095373611568812,Medium
36.391079660927296,4,71.60515436809304,0,4,11.36850854824075,8.766138270158915,Medium
42.929126937208004,5,14.814253695697358,1,2,17.906555824521458,7.288698044883412,High
41.680773363782585,4,9.945799464698041,0,1,16.65820225109604,3.0146305945880068,Medium
20.461992951304286,2,81.68966596335599,0,5,4.56057816138226,5.993729928719863,Low
33.736171691961665,5,99.68058442938255,1,0,8.71360057927512,2.012637881344724,High
11.044230475375228,4,94.93176351729123,1,3,13.978340637311318,8.90236621795771,Medium
15.36423878278965,5,67.5376587046173,0,2,9.658332329896895,1.149063433619103,Medium
44.92045510753487,3,16.48468443066049,2,6,19.897883994848325,0.03837145507800899,High
1.6370942520260656,2,84.1251110411416,2,6,23.38547686066048,5.020081977391822,Medium
5.189918011868936,4,32.81722160872678,1,1,19.83265310081761,5.831278234528693,Medium
11.186426502155339,3,109.77290081824911,1,3,13.836144610531207,5.789653202958044,Medium
2.300077989817166,3,101.40051634775607,2,3,22.72249312286938,0.5451192743782629,Medium
9.890336319400069,5,86.57904121504995,0,4,15.132234793286477,3.1404380691843246,Medium
29.569036487514918,3,114.11728492057999,2,3,4.546465374828372,4.991989468413318,Medium
21.6498029790324,2,8.613509473796388,2,6,3.3727681336541444,2.165791856272409,Medium
44.74091384277177,2,89.66304888198763,2,5,19.718342730085222,8.726258854858964,High
41.054734525183605,1,42.97791962368662,2,1,16.03216341249706,0.8710928946143404,Medium
17.749050233195923,2,109.197576853932,1,1,7.273520879490622,4.873844416720429,Medium
13.711748238133332,3,35.667647616127425,1,2,11.310822874553214,6.91416057513152,Medium
19.60492800019608,2,88.35849742122696,0,2,5.417643112490467,2.617511001344824,Low
29.92445218322558,5,105.92940725983986,0,2,4.901881070539034,6.242407369975181,Medium
14.135118400320938,1,9.79053411400848,0,6,10.887452712365608,8.293851501423745,Low
31.583296484607565,3,50.729471653084154,0,6,6.56072537192102,1.9033697509504754,Low
21.06117095737078,1,92.66553868252295,2,6,3.961400155315765,9.172205918248629,Medium
28.05031186174703,3,57.315672293372515,1,6,3.0277407490604844,5.53558532662358,Medium
22.370199927630516,5,35.73405242626346,1,6,2.6523711850560296,2.9923200430106056,Medium
15.428822217553966,1,30.277615114666855,0,6,9.59374889513258,4.308582753822707,Low
47.47421204114568,4,20.12460069538346,0,5,22.45164092845913,3.1219188378638796,Medium
38.41668391382828,3,103.56989938347246,2,6,13.394112801141734,7.251111599333161,High
7.865545612556175,4,71.16587137392894,2,3,17.15702550013037,7.963006634151322,High
43.554930818997725,1,13.784268674017438,0,3,18.53235970631118,8.32937392318661,Low
24.88412871422617,4,48.996737210623074,1,4,0.1384423984603771,9.85768249585741,Medium
44.83305911781048,4,47.28936984258764,1,5,19.810488005123933,7.912842924966835,High
40.19290754141844,1,25.900006931588244,1,2,15.170336428731897,6.013840706885634,Medium
21.835461718992438,5,55.08337692930193,0,0,3.187109393694108,3.392202983917838,Medium
2.1009961076857526,4,43.19142702021069,1,6,22.921575005000793,5.445954487107494,Medium
14.165190609862357,4,44.30742613160099,2,4,10.857380502824189,0.4106817279040542,High
27.540076518382477,5,89.98805414561525,2,0,2.517505405695932,7.448250755299131,High
32.04043277148122,4,30.675289333097577,0,3,7.017861658794676,4.459555450921018,Medium
13.636496586226912,4,78.81389526836587,2,4,11.386074526459634,0.2002322973218762,Medium
7.828447629568382,4,70.62470674630751,0,4,17.19412348311816,0.6250694151041081,Medium
41.91158160316566,2,70.33063891885473,1,1,16.889010490479112,3.8746646382175665,Medium
49.23570685447405,5,81.24584480630423,1,3,24.213135741787507,5.83421519018435,High
26.758818932831606,4,68.0639341625002,1,3,1.73624782014506,4.642039489521267,Medium
9.412285006566872,5,106.11433820733423,2,5,15.610286106119673,6.192043172921549,High
14.34305899944908,3,82.69171057427988,0,4,10.679512113237466,4.802942587913558,Low
1.9011431508258698,3,67.90077390770963,1,6,23.121427961860675,6.617038454813468,Medium
45.80064152146445,4,100.42275883307916,0,3,20.778070408777904,2.1912606467080087,Medium
6.769803061616916,5,74.70685496735017,1,4,18.25276805106963,1.128431871836214,Medium
29.249307300198424,5,38.48158849529558,2,5,4.226736187511879,5.9643395462566,High
14.428705813673094,5,28.81591559030569,2,6,10.593865299013451,4.846895169363075,High
28.154722123273878,2,22.51769535120806,0,5,3.1321510105873323,0.26867654044935296,Low
32.91959902924135,3,108.43734944280169,2,1,7.897027916554801,3.8048188549303585,Medium
41.65734838165288,5,86.66557465677757,2,6,16.634777268966335,1.0612558549099549,High
11.114642316269558,5,112.79852038889689,0,4,13.907928796416988,5.313568317526952,Medium
1.5387956042655433,2,74.37855765721845,1,3,23.483775508421,3.957776796604308,Medium
7.707395873371556,2,59.44110137191495,2,3,17.31517523931499,6.13151911103018,Medium
45.10091345055715,5,11.867396231652272,0,4,20.078342337870605,8.056022187702382,High
43.820613800563244,1,82.23886237779342,2,4,18.7980426878767,2.996686838414908,Medium
30.273242006345107,5,71.95400737334658,2,4,5.250670893658562,9.621021041650275,High
30.425326161249014,5,118.87402276257646,2,2,5.402755048562469,5.3563450058757445,High
33.58679705276652,2,32.50325944495795,2,6,8.564225940079975,6.18290798754788,Medium
9.59319265254903,2,66.03479585798613,0,3,15.429378460137515,6.80672373225737,Low
45.80618535032303,5,79.86009353857835,0,6,20.78361423763648,6.667315298575898,Medium
21.519755719711583,5,79.12798509536951,0,5,3.502815392974963,5.109707430450621,Medium
19.773787884225374,5,69.5487574390663,2,3,5.248783228461171,4.287642911146835,High
26.42696755885904,2,94.34672118763093,2,2,1.4043964461724947,0.5378196417737791,Medium
3.301332371977697,5,28.572839095583888,2,4,21.72123874070885,0.2208584530117974,High
9.147885069047891,5,88.44712803155782,0,1,15.874686043638654,3.5796119453276463,Medium
37.16364720489215,4,76.26947571480525,2,4,12.141076092205605,3.3366089063369264,High
5.057134728331197,1,108.04863785637593,1,4,19.96543638435535,3.8769515483900676,Low
30.55445336385302,3,102.4273604888619,2,2,5.531882251166476,1.3836820088819002,Medium
13.022106374384727,1,41.24190950024362,1,6,12.000464738301819,7.381682705368436,Low
20.07548508805685,4,36.767292372142606,2,3,4.947086024629694,8.56964414776239,High
15.145993101764294,3,117.8901322430315,0,4,9.876578010922252,9.38714635374035,Medium
18.427963106782506,5,65.6354958052545,2,3,6.594608005904039,4.923623035196258,High
36.23324935402803,4,109.23841085016024,1,0,11.210678241341487,7.008656991254286,Medium
15.558964065535577,5,23.846317734755452,1,5,9.463607047150969,8.555511234358725,High
28.753827374547964,2,78.92417520202004,2,6,3.731256261861418,4.182911110934859,Medium
24.326469707755884,4,98.1339215464674,1,3,0.696101404930662,3.0941279487044437,Medium
33.51988710276976,2,113.95045370244138,1,1,8.497315990083212,9.3672455585349,Medium
46.904657226913145,4,43.7941162169577,0,5,21.8820861142266,5.156765510770731,Medium
36.896032763302266,4,88.37283454126603,2,1,11.87346165061572,4.9725388659087795,High
11.532078550947082,2,66.96349603955619,2,4,13.490492561739464,1.7841609656349577,Medium
2.527973618002949,3,11.972326497643841,2,5,22.494597494683596,1.0815501457335674,Medium
13.850938170691428,1,84.34996979052849,1,3,11.171632941995117,8.421068624835117,Low
30.158818604312486,5,84.36110419735199,2,5,5.136247491625941,6.141331761875181,High
3.519864860728267,4,112.01978255735176,2,4,21.50270625195828,3.258245840194487,High
25.32194611286058,5,62.190931309431825,0,2,0.2993750001740345,1.9173621739026647,Medium
30.24529959692757,2,31.478855881709187,0,6,5.222728484241024,5.554972801696314,Low
17.37795065003108,5,10.124839696598102,0,1,7.644620462655464,5.839192892611353,Medium
38.77469798354527,2,52.79885146887916,1,4,13.752126870858728,2.0699360124505817,Medium
6.223314403554818,5,39.72042050891271,2,2,18.799256709131726,8.51405747891474,High
4.681751305054629,1,92.52515519274569,0,5,20.340819807631917,0.8426436615585109,Low
36.681249053976565,1,45.74079295672036,0,5,11.65867794129002,3.560930851664217,Low
25.279074494103725,1,114.14318757620705,0,4,0.2565033814171791,6.803844137625221,Low
34.731717424959065,1,115.66567334359519,2,3,9.70914631227252,2.741203638192007,Medium
22.306539591583565,1,76.40448787503642,2,5,2.7160315211029804,8.276751947812718,Medium
13.073699628716234,1,111.79593300671154,2,3,11.948871483970311,7.398678266004035,Medium
41.136013566035786,2,92.498249619167,1,3,16.11344245334924,7.890228445481342,Medium
40.171378069479985,4,67.88885871213951,1,6,15.14880695679344,1.1910653587671627,Medium
35.04012707186691,5,25.735412573619485,0,3,10.017555959180367,1.4054712799554292,Medium
14.335111724268172,1,57.7387635040916,2,0,10.687459388418374,2.8647373774458362,Medium
29.921302676585267,2,69.50056328670102,0,6,4.898731563898721,5.180771651975611,Low
18.687720950061312,2,104.35558178452617,2,2,6.334850162625234,7.4801607669940235,Medium
5.487521593005074,2,60.35333830160146,2,2,19.535049519681472,8.365308907609034,Medium
45.9483651976499,4,108.23258735796502,2,5,20.925794084963353,7.043353159571804,High
7.704112915029109,5,82.55013258769893,1,5,17.318458197657435,9.285968815306383,High
47.56163033721932,4,20.75489225117221,1,3,22.539059224532775,7.387435096159303,High
22.85428287493983,3,119.42285747238569,2,6,2.168288237746715,3.062678870046147,Medium
